Model,Train_accuracy,Test_accuracy
LogisticRegression,0.9738562091503268,0.961038961038961
SGDClassifier,0.9705882352941176,0.961038961038961
RandomForestClassifier,1.0,0.987012987012987
AdaBoostClassifier,0.9738562091503268,0.961038961038961
GradientBoostingClassifier,1.0,0.974025974025974
BaggingClassifier,0.9967320261437909,0.987012987012987
CatBoostClassifier,1.0,0.987012987012987
