Model,Train_score,Test_score,Train_loss,Test_loss
LinearRegression ,0.9125543812722168,0.9125543812722168,44846986.37741376,44846986.37741376
RidgeRegression,0.9125543811120538,0.9125543811120538,44846986.459554225,44846986.459554225
AdaBoostReg,0.925944131534082,0.925944131534082,37979976.27070779,37979976.27070779
GradBoostReg,0.9534011300524738,0.9534011300524738,23898497.330611262,23898497.330611262
BaggingReg,0.9969288123254513,0.9969288123254513,1575076.187998981,1575076.187998981
XGBoostReg,0.9788768013477829,0.9788768013477829,10833153.404201446,10833153.404201446
